日期,时间,温度(℃),抓取时间
2026-10-07,06:00,16,2026-10-07 06:00:34
2026-10-07,07:00,16,2026-10-07 06:00:34
2026-10-07,08:00,18,2026-10-07 06:00:34
2026-10-07,09:00,21,2026-10-07 06:00:34
2026-10-07,10:00,21,2026-10-07 06:00:34
2026-10-07,11:00,23,2026-10-07 06:00:34
2026-10-07,12:00,24,2026-10-07 06:00:34
2026-10-07,13:00,25,2026-10-07 06:00:34
2026-10-07,14:00,25,2026-10-07 06:00:34
2026-10-07,15:00,25,2026-10-07 06:00:34
2026-10-07,16:00,25,2026-10-07 06:00:34
2026-10-07,17:00,25,2026-10-07 06:00:34
2026-10-07,18:00,23,2026-10-07 06:00:34
2026-10-07,19:00,22,2026-10-07 06:00:34
2026-10-07,20:00,21,2026-10-07 06:00:34
2026-10-07,21:00,20,2026-10-07 06:00:34
2026-10-07,22:00,20,2026-10-07 06:00:34
2026-10-07,23:00,20,2026-10-07 06:00:34
2026-10-08,00:00,19,2026-10-07 06:00:34
2026-10-08,01:00,19,2026-10-07 06:00:34
2026-10-08,02:00,18,2026-10-07 06:00:34
2026-10-08,03:00,18,2026-10-07 06:00:34
